Simulation;Final_Balance;Return_%;Max_Drawdown_%;Win_Rate_%;Winning_Trades;Max_Win_Streak;Max_Loss_Streak;Max_TTR
1;13634,9760;36,3498;7,0739;66,0000;66;9;3;32
2;11927,0389;19,2704;6,0286;59,0000;59;6;5;46
3;13201,3410;32,0134;6,6983;64,0000;64;7;5;26
4;13981,4976;39,8150;4,8875;67,0000;67;9;3;21
5;12427,0335;24,2703;3,9155;61,0000;61;6;3;13
6;11904,7038;19,0470;4,9298;59,0000;59;7;3;23
7;13710,7330;37,1073;5,0015;66,0000;66;10;4;22
8;13714,2459;37,1425;2,9701;66,0000;66;8;3;11
9;13125,8936;31,2589;5,9971;64,0000;64;9;4;26
10;14275,7627;42,7576;4,9010;68,0000;68;9;5;23
11;15027,5271;50,2753;3,0580;71,0000;71;11;3;10
12;16455,1282;64,5513;3,0609;75,0000;75;16;3;14
13;13818,6022;38,1860;3,9942;66,0000;66;7;3;14
14;11877,4508;18,7745;6,8275;59,0000;59;8;7;16
15;14855,4867;48,5549;2,9701;70,0000;70;10;3;8
16;12327,9471;23,2795;5,9225;61,0000;61;6;6;18
17;15129,2938;51,2929;2,1030;71,0000;71;8;2;9
18;14177,4883;41,7749;3,9643;68,0000;68;11;3;16
19;13688,5030;36,8850;4,9010;66,0000;66;12;5;12
20;12153,8866;21,5389;3,2722;60,0000;60;6;3;38
21;11647,0118;16,4701;9,9000;58,0000;58;7;4;52
22;11418,5520;14,1855;3,0805;57,0000;57;6;3;22
23;11648,7988;16,4880;5,8830;58,0000;58;9;4;31
24;15524,4486;55,2445;2,9701;72,0000;72;8;3;7
25;13360,3491;33,6035;5,0130;65,0000;65;6;4;23
26;12975,5774;29,7558;3,0489;63,0000;63;8;3;13
27;11969,5783;19,6958;3,9317;59,0000;59;7;3;17
28;14861,3680;48,6137;3,9602;70,0000;70;9;4;12
29;14198,0101;41,9801;2,9513;68,0000;68;9;2;11
30;14293,5228;42,9352;3,9185;68,0000;68;11;3;13
31;13921,3533;39,2135;4,8678;67,0000;67;10;4;17
32;11423,9587;14,2396;8,7383;57,0000;57;7;7;69
33;13216,0864;32,1609;6,0055;64,0000;64;15;4;27
34;14110,0434;41,1004;3,9404;67,0000;67;11;4;14
35;13978,5704;39,7857;4,0863;67,0000;67;10;4;14
36;11664,6403;16,6464;5,8704;58,0000;58;6;5;20
37;14072,1042;40,7210;3,9404;67,0000;67;17;4;12
38;14237,3034;42,3730;4,9387;68,0000;68;6;5;15
39;10141,8873;1,4189;6,8188;51,0000;51;7;4;56
40;13781,3575;37,8136;3,9651;66,0000;66;9;4;13
41;12113,3867;21,1339;3,9972;60,0000;60;8;3;25
42;14330,5243;43,3052;3,9404;68,0000;68;12;4;23
43;12209,9902;22,0999;4,9899;60,0000;60;5;4;34
44;12846,3997;28,4640;4,8999;63,0000;63;6;3;22
45;10951,6994;9,5170;8,9109;55,0000;55;5;6;60
46;15690,2918;56,9029;2,9701;73,0000;73;8;3;8
47;14148,6611;41,4866;3,9259;67,0000;67;13;3;13
48;12115,5719;21,1557;2,1294;60,0000;60;4;2;8
49;12608,5314;26,0853;6,7970;62,0000;62;6;5;28
50;13168,2410;31,6824;5,0477;64,0000;64;9;3;24
51;12945,8347;29,4583;3,0408;63,0000;63;6;3;14
52;14000,0888;40,0009;2,9701;67,0000;67;11;3;9
53;12477,6751;24,7768;4,9020;61,0000;61;8;4;14
54;12927,5800;29,2758;5,0144;63,0000;63;8;5;20
55;13381,9752;33,8198;4,8086;65,0000;65;8;4;11
56;12358,3804;23,5838;5,0179;61,0000;61;9;3;22
57;15812,1011;58,1210;3,9404;73,0000;73;11;4;22
58;13690,7459;36,9075;3,0827;66,0000;66;7;3;16
59;12630,0025;26,3000;5,9786;62,0000;62;9;6;36
60;14345,2413;43,4524;3,9404;68,0000;68;22;4;19
61;14891,8117;48,9181;4,9010;70,0000;70;9;5;18
62;12510,4509;25,1045;5,0517;61,0000;61;8;5;24
63;12905,9680;29,0597;4,1223;63,0000;63;8;3;22
64;15486,0587;54,8606;4,9205;72,0000;72;12;3;17
65;15168,8859;51,6889;2,1588;71,0000;71;6;2;8
66;13705,8995;37,0590;3,9824;66,0000;66;9;4;18
67;12739,3443;27,3934;4,9407;62,0000;62;8;4;25
68;13154,5481;31,5455;5,2218;64,0000;64;11;5;30
69;14515,7046;45,1570;3,9987;69,0000;69;11;3;13
70;13486,7405;34,8674;4,9541;65,0000;65;11;4;20
71;13672,6118;36,7261;4,9311;66,0000;66;16;3;17
72;13989,7826;39,8978;7,7087;67,0000;67;6;4;22
73;13841,9590;38,4196;4,0379;66,0000;66;10;3;39
74;12381,4236;23,8142;5,0033;61,0000;61;7;3;34
75;14546,2289;45,4623;7,7488;69,0000;69;12;5;22
76;13982,0132;39,8201;4,0352;67,0000;67;13;4;30
77;13877,1431;38,7714;4,9010;67,0000;67;8;5;13
78;13119,2976;31,1930;5,9583;64,0000;64;6;4;15
79;13969,1617;39,6916;2,9701;67,0000;67;6;3;8
80;11897,6550;18,9766;4,9070;59,0000;59;6;4;22
81;16021,6481;60,2165;1,9900;74,0000;74;6;2;8
82;14566,2622;45,6626;3,0051;69,0000;69;8;3;18
83;11460,2890;14,6029;9,6344;57,0000;57;7;7;36
84;14885,5734;48,8557;3,0484;70,0000;70;11;3;12
85;12631,8213;26,3182;6,8248;62,0000;62;11;4;27
86;14291,4221;42,9142;4,9772;68,0000;68;7;3;19
87;13181,4272;31,8143;3,9404;64,0000;64;7;4;8
88;15174,2328;51,7423;4,0317;71,0000;71;13;4;10
89;13702,3128;37,0231;5,9001;66,0000;66;12;5;14
90;14501,2843;45,0128;3,9535;69,0000;69;17;3;24
91;15199,7876;51,9979;4,9293;71,0000;71;10;3;12
92;14159,9860;41,5999;4,0117;68,0000;68;10;4;16
93;15462,7659;54,6277;3,8946;72,0000;72;10;3;12
94;13744,9268;37,4493;3,9489;66,0000;66;8;3;12
95;14566,6540;45,6665;4,9553;69,0000;69;11;3;14
96;13131,4873;31,3149;4,9010;64,0000;64;15;5;26
97;12420,9603;24,2096;4,1050;61,0000;61;11;3;14
98;15835,9579;58,3596;3,9404;73,0000;73;7;4;7
99;14618,6576;46,1866;2,9987;69,0000;69;9;3;12
100;13162,6242;31,6262;3,9399;64,0000;64;8;3;18
101;13089,2399;30,8924;3,9788;64,0000;64;15;4;14
102;11918,2340;19,1823;7,8749;59,0000;59;10;7;31
103;16782,3954;67,8240;2,9701;76,0000;76;15;3;8
104;14511,4515;45,1145;2,9749;69,0000;69;14;3;9
105;14554,5028;45,5450;2,9592;69,0000;69;10;2;14
106;14003,7647;40,0376;3,0661;67,0000;67;6;3;10
107;12218,7136;22,1871;3,8838;60,0000;60;6;3;17
108;15096,3330;50,9633;3,9404;71,0000;71;10;4;8
109;10491,5057;4,9151;10,1519;53,0000;53;3;6;47
110;12372,8296;23,7283;6,8258;61,0000;61;9;5;30
111;13384,3875;33,8439;5,8250;65,0000;65;9;4;16
112;12643,6670;26,4367;4,1749;62,0000;62;7;4;30
113;12677,5628;26,7756;3,9648;62,0000;62;7;4;10
114;12719,4996;27,1950;4,0378;62,0000;62;12;4;21
115;13216,3031;32,1630;3,9887;64,0000;64;6;3;8
116;14010,3372;40,1034;3,9404;67,0000;67;8;4;10
117;12305,3022;23,0530;5,8590;60,0000;60;7;5;19
118;14007,7298;40,0773;4,8113;67,0000;67;10;3;18
119;12221,3767;22,2138;4,9010;60,0000;60;7;5;26
120;14243,2478;42,4325;3,9404;68,0000;68;7;4;10
121;14339,2369;43,3924;5,0680;68,0000;68;15;5;22
122;13221,8882;32,2189;9,5839;64,0000;64;12;6;30
123;12982,7264;29,8273;5,8782;63,0000;63;13;5;19
124;14886,1905;48,8619;4,9533;70,0000;70;11;3;16
125;13710,1042;37,1010;4,9149;66,0000;66;6;4;17
126;13122,0656;31,2207;5,9541;64,0000;64;13;4;20
127;13466,8927;34,6689;4,0059;65,0000;65;11;3;15
128;12865,1360;28,6514;6,8804;63,0000;63;8;6;22
129;14573,7426;45,7374;3,0497;69,0000;69;12;2;34
130;14864,9391;48,6494;4,9010;70,0000;70;7;5;13
131;10998,3096;9,9831;7,7926;55,0000;55;8;6;28
132;12070,3627;20,7036;3,9936;60,0000;60;7;3;19
133;15483,9127;54,8391;2,9780;72,0000;72;10;3;8
134;13498,6986;34,9870;3,9404;65,0000;65;12;4;25
135;14608,8757;46,0888;2,9701;69,0000;69;10;3;8
136;14340,0245;43,4002;3,9910;68,0000;68;7;4;12
137;14686,5639;46,8656;5,8702;70,0000;70;10;5;24
138;13216,4125;32,1641;4,9311;64,0000;64;12;5;32
139;13390,3391;33,9034;5,8892;65,0000;65;10;3;30
140;13121,2051;31,2121;4,9882;64,0000;64;7;3;28
141;12560,2311;25,6023;3,8964;62,0000;62;6;3;25
142;14450,7558;44,5076;3,9819;69,0000;69;7;4;18
143;10114,4703;1,1447;6,0064;51,0000;51;4;4;41
144;13501,6221;35,0162;5,8520;65,0000;65;7;6;16
145;13532,6703;35,3267;4,9611;65,0000;65;6;4;11
146;15484,5647;54,8456;4,8947;72,0000;72;7;3;18
147;13153,6813;31,5368;4,8244;64,0000;64;10;4;29
148;12909,0604;29,0906;3,9404;63,0000;63;5;4;14
149;12398,9020;23,9890;4,8834;61,0000;61;11;4;41
150;13359,9225;33,5992;2,9984;65,0000;65;16;3;14
151;12919,8859;29,1989;4,0137;63,0000;63;10;4;30
152;12401,1096;24,0111;5,8775;61,0000;61;8;4;30
153;13366,7836;33,6678;4,9788;65,0000;65;6;3;16
154;11423,9631;14,2396;9,8095;57,0000;57;7;7;50
155;13774,2051;37,7421;3,9404;66,0000;66;13;4;9
156;14666,4811;46,6648;3,0457;69,0000;69;7;3;11
157;11302,2819;13,0228;7,7454;56,0000;56;5;7;40
158;14214,4256;42,1443;5,1396;68,0000;68;10;3;40
159;11946,5644;19,4656;4,9154;59,0000;59;9;5;16
160;13486,9529;34,8695;2,9796;65,0000;65;9;3;11
161;14227,3268;42,2733;2,9701;68,0000;68;8;3;10
162;13742,0275;37,4203;6,0475;66,0000;66;14;5;38
163;14508,0760;45,0808;2,1182;69,0000;69;14;2;12
164;12739,6530;27,3965;4,9563;62,0000;62;7;4;14
165;14960,9332;49,6093;3,0083;70,0000;70;9;2;13
166;12868,5046;28,6850;8,6494;63,0000;63;19;6;32
167;14017,9486;40,1795;3,9404;67,0000;67;9;4;11
168;13368,2105;33,6821;5,8584;65,0000;65;8;4;26
169;12407,2780;24,0728;5,0071;61,0000;61;10;4;15
170;14515,2348;45,1523;3,0716;69,0000;69;18;3;14
171;11890,0087;18,9001;6,8727;59,0000;59;12;4;48
172;14516,9561;45,1696;5,8520;69,0000;69;9;6;16
173;11475,8186;14,7582;11,6401;57,0000;57;10;5;72
174;15370,8036;53,7080;3,0677;72,0000;72;9;3;18
175;14560,8609;45,6086;4,9619;69,0000;69;9;5;18
176;11706,0156;17,0602;4,1340;58,0000;58;5;4;18
177;12166,4813;21,6648;5,1175;60,0000;60;8;3;36
178;13124,5181;31,2452;3,9404;64,0000;64;10;4;24
179;14249,7372;42,4974;4,0931;68,0000;68;12;4;22
180;12873,0243;28,7302;5,0035;63,0000;63;7;4;24
181;14529,7809;45,2978;3,9930;69,0000;69;7;3;18
182;12536,4822;25,3648;5,8161;62,0000;62;6;5;14
183;12676,9621;26,7696;4,9010;62,0000;62;8;5;22
184;13511,7321;35,1173;4,9152;65,0000;65;7;4;19
185;13745,8140;37,4581;4,9273;66,0000;66;10;4;20
186;14567,2430;45,6724;6,0796;69,0000;69;10;4;20
187;15490,5590;54,9056;4,9010;72,0000;72;8;5;16
188;12910,6969;29,1070;5,8496;63,0000;63;7;4;34
189;16378,4083;63,7841;2,9701;75,0000;75;11;3;6
190;11392,4164;13,9242;5,8448;57,0000;57;6;4;26
191;12902,3893;29,0239;5,8877;63,0000;63;5;6;27
192;15809,0659;58,0907;2,9494;73,0000;73;9;2;12
193;14024,5637;40,2456;4,0582;67,0000;67;11;4;12
194;13794,4182;37,9442;3,0124;66,0000;66;10;3;16
195;14917,3490;49,1735;3,0531;70,0000;70;10;3;16
196;13642,3578;36,4236;5,0200;66,0000;66;9;5;12
197;12162,4114;21,6241;6,9059;60,0000;60;12;5;59
198;13271,0042;32,7100;5,8430;64,0000;64;8;3;23
199;14185,8653;41,8587;4,0165;68,0000;68;9;3;15
200;11922,8325;19,2283;6,9280;59,0000;59;11;4;26
201;15470,0561;54,7006;5,8520;72,0000;72;15;6;21
202;14516,2787;45,1628;4,9396;69,0000;69;7;4;18
203;14239,3164;42,3932;6,0043;68,0000;68;10;6;22
204;11928,6540;19,2865;5,0629;59,0000;59;6;5;20
205;14263,5350;42,6354;2,9910;68,0000;68;16;3;18
206;12688,9352;26,8894;4,9633;62,0000;62;7;3;21
207;14777,1454;47,7715;2,9798;70,0000;70;6;3;10
208;11452,4716;14,5247;5,8516;57,0000;57;11;4;24
209;11865,1166;18,6512;5,9259;59,0000;59;5;5;32
210;12852,4272;28,5243;4,9954;63,0000;63;7;4;18
211;12105,7820;21,0578;4,1571;60,0000;60;7;4;21
212;14617,5927;46,1759;5,8750;69,0000;69;11;4;17
213;15095,7346;50,9573;1,9900;71,0000;71;8;2;6
214;11730,6241;17,3062;6,7457;58,0000;58;13;6;30
215;12100,2138;21,0021;3,8558;60,0000;60;11;3;12
216;12902,8639;29,0286;4,8937;63,0000;63;6;4;16
217;13102,8298;31,0283;5,8798;64,0000;64;14;4;24
218;14542,5570;45,4256;5,2147;69,0000;69;8;4;26
219;11843,4811;18,4348;3,1577;59,0000;59;9;3;26
220;12863,8332;28,6383;3,9099;63,0000;63;10;3;20
221;11898,9124;18,9891;4,2885;59,0000;59;7;4;42
222;12360,9095;23,6091;3,9493;61,0000;61;7;4;18
223;14256,2266;42,5623;3,1575;68,0000;68;10;2;12
224;12410,8982;24,1090;4,0557;61,0000;61;10;3;36
225;11894,5194;18,9452;6,7983;59,0000;59;7;5;49
226;13705,2578;37,0526;3,9404;66,0000;66;6;4;11
227;14175,7555;41,7576;3,9404;68,0000;68;11;4;10
228;12218,0411;22,1804;5,1254;60,0000;60;8;3;25
229;13122,0945;31,2209;4,9452;64,0000;64;10;3;12
230;12876,0225;28,7602;3,1610;63,0000;63;8;3;16
231;12070,7202;20,7072;4,1636;60,0000;60;14;3;20
232;15484,4474;54,8445;2,9701;72,0000;72;8;3;12
233;12959,6616;29,5966;4,0637;63,0000;63;7;3;27
234;15816,4087;58,1641;3,0221;73,0000;73;20;3;10
235;11478,6811;14,7868;6,8246;57,0000;57;12;4;28
236;14782,9037;47,8290;3,9805;70,0000;70;12;3;12
237;11973,5531;19,7355;4,9783;59,0000;59;6;4;29
238;12332,4997;23,3250;7,7572;61,0000;61;10;5;21
239;11676,9817;16,7698;6,9020;58,0000;58;7;5;26
240;14039,4113;40,3941;4,0121;67,0000;67;9;4;18
241;14252,7428;42,5274;4,0356;68,0000;68;7;4;20
242;13461,9214;34,6192;2,9999;65,0000;65;6;3;12
243;12871,1348;28,7113;4,9255;63,0000;63;10;5;26
244;13477,7174;34,7772;2,9701;65,0000;65;10;3;18
245;13708,6975;37,0870;3,0103;66,0000;66;10;3;12
246;13099,8033;30,9980;5,8613;64,0000;64;7;5;18
247;14010,9073;40,1091;4,8922;67,0000;67;9;4;20
248;14204,1779;42,0418;3,9428;68,0000;68;10;4;16
249;14595,3235;45,9532;4,0389;69,0000;69;9;4;16
250;12201,2845;22,0128;5,8520;60,0000;60;6;6;24
251;14246,8856;42,4689;3,9404;68,0000;68;7;4;8
252;14872,6547;48,7265;4,8255;70,0000;70;7;4;16
253;14640,0200;46,4002;4,0134;69,0000;69;12;3;16
254;15013,0024;50,1300;3,9404;71,0000;71;13;4;12
255;15742,0287;57,4203;3,9624;73,0000;73;9;3;14
256;15061,6826;50,6168;3,0411;71,0000;71;13;3;20
257;15086,2068;50,8621;4,0559;71,0000;71;14;4;22
258;12243,0531;22,4305;3,9633;60,0000;60;7;4;12
259;13199,8766;31,9988;4,0953;64,0000;64;9;3;17
260;13747,5812;37,4758;4,9289;66,0000;66;18;4;38
261;12920,5103;29,2051;6,8476;63,0000;63;14;6;30
262;12101,7808;21,0178;4,0990;60,0000;60;4;4;32
263;13796,3665;37,9637;3,9404;66,0000;66;6;4;10
264;14051,7555;40,5176;3,0265;67,0000;67;8;3;18
265;14819,0968;48,1910;3,0719;70,0000;70;14;3;10
266;12892,6547;28,9265;8,6483;63,0000;63;10;9;22
267;13476,7025;34,7670;6,0618;65,0000;65;12;3;38
268;13187,3601;31,8736;3,9404;64,0000;64;8;4;17
269;11481,0275;14,8103;4,9010;57,0000;57;5;5;20
270;12661,9096;26,6191;4,9523;62,0000;62;8;4;22
271;13190,6484;31,9065;3,9404;64,0000;64;19;4;16
272;12383,5209;23,8352;4,8140;61,0000;61;6;4;30
273;13246,3415;32,4634;2,9701;64,0000;64;7;3;8
274;13655,9938;36,5599;3,9404;66,0000;66;14;4;18
275;13128,8626;31,2886;6,9164;64,0000;64;10;5;25
276;11681,4220;16,8142;5,9360;58,0000;58;10;6;46
277;13942,0040;39,4200;4,9010;67,0000;67;10;5;16
278;11605,4661;16,0547;4,9010;58,0000;58;6;5;16
279;14597,4260;45,9743;4,8589;69,0000;69;10;4;20
280;13192,3187;31,9232;9,6561;64,0000;64;6;9;34
281;12908,6201;29,0862;6,8460;63,0000;63;9;4;32
282;15501,2346;55,0123;3,9923;72,0000;72;13;3;11
283;12385,4578;23,8546;6,7935;61,0000;61;6;7;34
284;13451,6734;34,5167;8,9019;65,0000;65;9;6;30
285;12941,4758;29,4148;4,8280;63,0000;63;9;4;12
286;16361,3794;63,6138;2,0866;75,0000;75;9;2;8
287;13921,3225;39,2132;2,2383;67,0000;67;10;2;12
288;13993,4653;39,9347;2,9701;67,0000;67;8;3;10
289;17346,7258;73,4673;2,9728;78,0000;78;11;2;12
290;13122,0602;31,2206;5,8307;64,0000;64;7;4;24
291;12387,5655;23,8757;4,9633;61,0000;61;6;4;20
292;12169,7839;21,6978;4,9170;60,0000;60;5;4;26
293;12895,2304;28,9523;7,7214;63,0000;63;8;5;36
294;11938,4205;19,3842;6,7343;59,0000;59;7;4;23
295;12912,4557;29,1246;3,3319;63,0000;63;8;3;22
296;16348,0260;63,4803;4,9010;75,0000;75;11;5;14
297;13611,3427;36,1134;6,7484;66,0000;66;13;6;24
298;13231,3694;32,3137;10,3116;64,0000;64;10;7;52
299;13655,1089;36,5511;4,0803;66,0000;66;10;4;18
300;11701,6876;17,0169;5,0508;58,0000;58;7;4;32
301;13999,4387;39,9944;4,9366;67,0000;67;12;4;20
302;12698,7632;26,9876;7,7312;62,0000;62;6;7;31
303;13732,9222;37,3292;7,7663;66,0000;66;7;5;28
304;14543,2322;45,4323;4,0774;69,0000;69;13;3;22
305;13709,9221;37,0992;2,9797;66,0000;66;10;2;14
306;14336,0117;43,3601;3,0868;68,0000;68;13;3;24
307;15802,1328;58,0213;2,9701;73,0000;73;16;3;8
308;11675,5008;16,7550;5,8520;58,0000;58;6;6;32
309;15151,0631;51,5106;4,9010;71,0000;71;11;5;10
310;13405,5167;34,0552;2,9701;65,0000;65;8;3;14
311;11453,4799;14,5348;7,9906;57,0000;57;7;6;50
312;12948,5883;29,4859;5,8890;63,0000;63;13;6;26
313;13248,1142;32,4811;4,8733;64,0000;64;6;4;14
314;12372,8234;23,7282;5,8613;61,0000;61;8;4;18
315;14243,4991;42,4350;3,0975;68,0000;68;12;3;16
316;13135,2871;31,3529;5,0302;64,0000;64;7;3;28
317;13458,5893;34,5859;3,0142;65,0000;65;7;2;10
318;14063,7759;40,6378;3,9854;67,0000;67;11;3;19
319;13516,3638;35,1636;3,9404;65,0000;65;16;4;15
320;18151,4824;81,5148;1,9900;80,0000;80;11;2;4
321;12009,8508;20,0985;4,0421;59,0000;59;7;3;17
322;13085,5341;30,8553;7,0938;64,0000;64;9;3;36
323;12616,0158;26,1602;4,9605;62,0000;62;7;4;18
324;12931,2011;29,3120;3,0251;63,0000;63;5;3;24
325;12563,9027;25,6390;3,9483;62,0000;62;7;4;22
326;13156,7532;31,5675;5,8623;64,0000;64;10;5;17
327;14859,3479;48,5935;4,0292;70,0000;70;14;4;14
328;13116,2415;31,1624;8,5702;64,0000;64;8;6;40
329;13972,8475;39,7285;3,9458;67,0000;67;9;3;16
330;12663,3864;26,6339;7,7255;62,0000;62;6;8;14
331;11852,4495;18,5245;4,9217;59,0000;59;8;4;26
332;13439,7047;34,3970;4,0494;65,0000;65;10;4;16
333;13447,6191;34,4762;2,9701;65,0000;65;6;3;10
334;12360,1793;23,6018;7,7684;61,0000;61;6;4;54
335;13975,2526;39,7525;3,1280;67,0000;67;12;3;17
336;15172,4023;51,7240;1,9900;71,0000;71;11;2;8
337;14021,6229;40,2162;4,9129;67,0000;67;7;3;18
338;13386,3588;33,8636;4,1122;65,0000;65;10;4;26
339;14265,8136;42,6581;5,8345;68,0000;68;9;4;22
340;13099,1815;30,9918;5,8401;64,0000;64;8;4;14
341;11737,1633;17,3716;7,8957;58,0000;58;7;5;40
342;14054,9525;40,5495;3,1411;67,0000;67;9;2;12
343;12267,1703;22,6717;4,0257;61,0000;61;12;4;30
344;12148,7007;21,4870;6,1514;60,0000;60;11;3;40
345;11867,0181;18,6702;5,9232;59,0000;59;6;6;23
346;13683,8802;36,8388;4,9178;66,0000;66;9;3;12
347;15453,8138;54,5381;4,0267;72,0000;72;12;3;18
348;12923,1341;29,2313;3,9655;63,0000;63;4;4;12
349;13961,6032;39,6160;3,9448;67,0000;67;10;4;10
350;12323,1508;23,2315;5,0936;61,0000;61;6;4;34
351;14646,8594;46,4686;5,8333;69,0000;69;7;5;13
352;15178,2934;51,7829;3,9641;71,0000;71;7;3;11
353;15478,5105;54,7851;4,9409;72,0000;72;16;4;14
354;12917,2610;29,1726;5,8975;63,0000;63;7;5;33
355;12640,5108;26,4051;3,9404;62,0000;62;11;4;14
356;15440,1213;54,4012;3,1121;72,0000;72;12;3;16
357;13339,2913;33,3929;5,0467;65,0000;65;7;4;30
358;13936,6415;39,3664;5,8520;67,0000;67;9;6;32
359;13444,7195;34,4472;5,8492;65,0000;65;7;4;20
360;14191,5726;41,9157;3,9501;68,0000;68;14;3;12
361;13352,5414;33,5254;6,8749;65,0000;65;11;6;22
362;15337,9281;53,3793;4,0266;72,0000;72;12;3;9
363;13173,3412;31,7334;4,1776;64,0000;64;10;3;32
364;13748,7653;37,4877;3,9404;66,0000;66;9;4;14
365;13609,4381;36,0944;4,9200;66,0000;66;9;3;14
366;12663,4902;26,6349;4,8488;62,0000;62;8;4;16
367;11942,4930;19,4249;4,9010;59,0000;59;5;5;22
368;15836,6538;58,3665;2,9701;73,0000;73;7;3;6
369;16754,9976;67,5500;1,9933;76,0000;76;8;2;6
370;14783,9112;47,8391;4,0125;70,0000;70;12;4;10
371;13413,0436;34,1304;9,6381;65,0000;65;11;6;50
372;13158,1572;31,5816;3,9945;64,0000;64;8;3;13
373;12135,2059;21,3521;6,7786;60,0000;60;10;5;18
374;15673,1014;56,7310;3,9807;73,0000;73;10;4;12
375;14015,5672;40,1557;5,9239;67,0000;67;12;3;32
376;11957,3116;19,5731;5,9326;59,0000;59;7;4;24
377;14454,3471;44,5435;3,9774;69,0000;69;10;4;12
378;11376,9941;13,7699;5,8520;57,0000;57;8;6;26
379;11754,4650;17,5447;5,9640;58,0000;58;8;6;21
380;12308,2077;23,0821;6,1236;61,0000;61;8;6;22
381;12654,2867;26,5429;6,8095;62,0000;62;13;4;18
382;14039,0228;40,3902;3,0074;67,0000;67;7;3;8
383;15206,0397;52,0604;2,9859;71,0000;71;9;3;10
384;12379,2076;23,7921;3,0792;61,0000;61;6;3;34
385;15195,6924;51,9569;2,9701;71,0000;71;9;3;10
386;15483,6356;54,8364;4,9010;72,0000;72;11;5;10
387;11874,0738;18,7407;5,0244;59,0000;59;6;4;21
388;13769,0111;37,6901;5,0610;66,0000;66;13;5;24
389;16108,8475;61,0885;3,9590;74,0000;74;14;4;14
390;15492,9380;54,9294;4,9305;72,0000;72;11;5;19
391;12350,3687;23,5037;4,9010;61,0000;61;7;5;22
392;11450,8352;14,5084;4,9010;57,0000;57;7;5;25
393;14054,3100;40,5431;4,9779;67,0000;67;10;4;27
394;15076,8853;50,7689;2,0528;71,0000;71;6;2;6
395;13409,3899;34,0939;2,9832;65,0000;65;10;3;12
396;14227,5730;42,2757;5,8520;68,0000;68;8;6;12
397;14752,1410;47,5214;4,9010;70,0000;70;9;5;22
398;14350,1702;43,5017;2,1712;68,0000;68;8;2;12
399;11907,1212;19,0712;5,8893;59,0000;59;6;5;19
400;14222,5005;42,2250;4,9010;68,0000;68;8;5;16
401;13216,8807;32,1688;4,8650;64,0000;64;11;4;20
402;13917,0462;39,1705;4,2827;67,0000;67;15;3;22
403;14001,1725;40,0117;3,9598;67,0000;67;8;4;12
404;16483,4657;64,8347;2,9701;75,0000;75;9;3;6
405;14861,9530;48,6195;3,9739;70,0000;70;9;4;10
406;12873,8832;28,7388;4,0216;63,0000;63;8;4;22
407;13429,5220;34,2952;2,9701;65,0000;65;7;3;10
408;14769,5946;47,6959;5,8613;70,0000;70;8;4;28
409;14535,7456;45,3575;3,9404;69,0000;69;9;4;11
410;11672,6300;16,7263;7,1549;58,0000;58;8;5;48
411;13886,7266;38,8673;4,1225;67,0000;67;10;3;20
412;12351,6421;23,5164;9,6574;61,0000;61;8;6;44
413;14300,6832;43,0068;2,9929;68,0000;68;11;3;10
414;13900,5077;39,0051;4,0361;67,0000;67;12;4;12
415;14214,4095;42,1441;3,9404;68,0000;68;18;4;14
416;13398,7588;33,9876;4,0393;65,0000;65;15;4;16
417;12391,7464;23,9175;5,9319;61,0000;61;7;5;40
418;13132,4482;31,3245;3,9404;64,0000;64;6;4;24
419;14551,6895;45,5169;3,9404;69,0000;69;15;4;7
420;13726,0681;37,2607;7,6690;66,0000;66;9;5;22
421;14043,2285;40,4323;3,0417;67,0000;67;8;3;18
422;14313,8865;43,1389;4,9010;68,0000;68;11;5;24
423;16683,4083;66,8341;2,0490;76,0000;76;7;2;10
424;13501,9693;35,0197;3,0099;65,0000;65;10;3;10
425;12849,0548;28,4905;4,9402;63,0000;63;9;5;34
426;12913,9609;29,1396;4,9902;63,0000;63;9;3;14
427;13400,7517;34,0075;5,0102;65,0000;65;8;4;19
428;14640,4247;46,4042;4,9010;69,0000;69;15;5;14
429;12607,4945;26,0749;5,1019;62,0000;62;7;4;38
430;12700,6304;27,0063;4,9649;62,0000;62;8;4;27
431;13819,9099;38,1991;2,9984;66,0000;66;8;3;8
432;14560,0738;45,6007;2,9701;69,0000;69;11;3;10
433;13335,5448;33,3554;3,9948;65,0000;65;7;3;22
434;14825,5218;48,2552;4,0309;70,0000;70;13;4;24
435;14708,7204;47,0872;3,0299;70,0000;70;8;3;12
436;15776,4059;57,7641;2,9701;73,0000;73;8;3;8
437;12422,4575;24,2246;3,9404;61,0000;61;6;4;18
438;11628,3693;16,2837;5,1103;58,0000;58;6;4;36
439;12342,4830;23,4248;7,7377;61,0000;61;6;7;36
440;12399,1213;23,9912;4,9375;61,0000;61;8;3;18
441;13149,6875;31,4969;4,1240;64,0000;64;8;4;20
442;16191,1519;61,9115;3,9404;74,0000;74;9;4;11
443;14537,8172;45,3782;4,9010;69,0000;69;9;5;11
444;13412,7797;34,1278;3,0068;65,0000;65;9;3;14
445;12733,2021;27,3320;5,0099;62,0000;62;12;4;31
446;11431,3268;14,3133;5,8182;57,0000;57;9;4;29
447;13793,8053;37,9381;7,8235;66,0000;66;9;7;49
448;11726,2266;17,2623;8,7055;58,0000;58;10;5;35
449;13154,6153;31,5462;5,0311;64,0000;64;9;5;16
450;13993,1282;39,9313;4,1335;67,0000;67;8;4;24
451;13181,8461;31,8185;3,9781;64,0000;64;7;2;21
452;14469,1711;44,6917;3,9404;69,0000;69;8;4;14
453;13972,7207;39,7272;3,9589;67,0000;67;9;3;12
454;14907,5551;49,0756;3,9656;70,0000;70;9;3;10
455;13425,1520;34,2515;4,9347;65,0000;65;6;3;15
456;12665,1178;26,6512;3,9716;62,0000;62;7;3;24
457;12908,5605;29,0856;6,9126;63,0000;63;6;3;28
458;14290,5510;42,9055;3,9404;68,0000;68;11;4;13
459;12550,0034;25,5000;4,9500;62,0000;62;10;4;26
460;15177,2639;51,7726;3,1355;71,0000;71;9;3;12
461;12874,6585;28,7466;4,0260;63,0000;63;8;4;16
462;11231,3844;12,3138;3,9757;56,0000;56;6;4;40
463;14007,3045;40,0730;4,0017;67,0000;67;14;4;15
464;12871,9008;28,7190;3,9725;63,0000;63;7;4;10
465;14061,2870;40,6129;2,9759;67,0000;67;7;2;10
466;12972,9128;29,7291;4,9380;63,0000;63;8;4;16
467;12408,1653;24,0817;4,9704;61,0000;61;7;4;19
468;14019,9613;40,1996;4,0060;67,0000;67;14;4;32
469;12219,5586;22,1956;4,0853;60,0000;60;7;4;16
470;12696,3379;26,9634;4,9347;62,0000;62;8;4;27
471;11612,3801;16,1238;5,0613;58,0000;58;7;5;31
472;13524,8319;35,2483;3,9404;65,0000;65;10;4;15
473;14013,8735;40,1387;3,0588;67,0000;67;7;3;20
474;12368,1454;23,6815;3,0217;61,0000;61;6;3;12
475;13145,5861;31,4559;4,0997;64,0000;64;11;3;20
476;14502,9010;45,0290;3,0729;69,0000;69;10;2;14
477;15403,6389;54,0364;2,9701;72,0000;72;13;3;10
478;13800,3093;38,0031;4,0350;66,0000;66;6;4;16
479;13873,0449;38,7304;2,9701;67,0000;67;10;3;12
480;15152,3072;51,5231;3,9747;71,0000;71;17;3;19
481;13230,6083;32,3061;3,9566;64,0000;64;10;3;22
482;12851,0198;28,5102;3,9815;63,0000;63;7;4;14
483;15514,6023;55,1460;2,9967;72,0000;72;8;2;10
484;12187,8420;21,8784;5,7601;60,0000;60;11;5;43
485;13434,1543;34,3415;3,1078;65,0000;65;8;3;14
486;15217,5021;52,1750;3,0306;71,0000;71;15;3;12
487;15165,9705;51,6597;3,9510;71,0000;71;8;3;15
488;14116,1810;41,1618;4,9788;67,0000;67;13;4;9
489;14307,5693;43,0757;4,8221;68,0000;68;11;4;27
490;14586,6556;45,8666;5,0201;69,0000;69;8;4;16
491;10420,1639;4,2016;13,1724;52,0000;52;10;4;71
492;12477,6709;24,7767;4,9010;61,0000;61;5;5;26
493;14058,8755;40,5888;4,0815;67,0000;67;13;4;27
494;12931,4616;29,3146;5,0265;63,0000;63;10;4;24
495;12411,7652;24,1177;6,8418;61,0000;61;7;6;27
496;11932,8786;19,3288;4,0274;59,0000;59;7;4;26
497;13607,8185;36,0782;3,9852;66,0000;66;8;4;11
498;15891,3791;58,9138;5,9372;74,0000;74;24;4;18
499;13733,7948;37,3379;4,0280;66,0000;66;7;3;18
500;13652,1362;36,5214;4,1070;66,0000;66;11;4;32
501;14114,5009;41,1450;4,9010;68,0000;68;11;5;15
502;12669,9507;26,6995;4,9389;62,0000;62;11;5;17
503;12181,6816;21,8168;3,9189;60,0000;60;6;3;14
504;14779,6137;47,7961;3,9404;70,0000;70;10;4;8
505;13369,5873;33,6959;3,1106;65,0000;65;7;3;11
506;15322,6698;53,2267;2,9968;72,0000;72;13;3;10
507;12666,6003;26,6660;5,8977;62,0000;62;7;3;15
508;11932,5866;19,3259;6,8230;59,0000;59;8;6;16
509;15222,3652;52,2237;3,0106;71,0000;71;14;3;16
510;13450,4290;34,5043;2,1699;65,0000;65;9;2;16
511;10999,4459;9,9945;6,7935;55,0000;55;5;7;29
512;14827,6775;48,2768;2,9928;70,0000;70;8;2;18
513;12687,5199;26,8752;5,2117;62,0000;62;7;3;36
514;13138,1361;31,3814;8,6375;64,0000;64;7;8;32
515;15839,9880;58,3999;2,1068;73,0000;73;8;2;8
516;11955,1427;19,5514;6,9399;59,0000;59;6;4;38
517;13222,4765;32,2248;4,0841;64,0000;64;9;4;30
518;14275,0214;42,7502;4,9122;68,0000;68;14;5;29
519;12357,6124;23,5761;4,1189;61,0000;61;7;4;16
520;13435,9687;34,3597;5,8005;65,0000;65;8;4;24
521;12418,2956;24,1830;6,8662;61,0000;61;10;7;18
522;12179,2842;21,7928;7,7073;60,0000;60;7;5;27
523;13480,3076;34,8031;5,9145;65,0000;65;7;6;19
524;9935,6484;-0,6435;10,5868;50,0000;50;7;7;28
525;13114,2411;31,1424;3,1093;64,0000;64;7;3;18
526;12611,6327;26,1163;8,7905;62,0000;62;9;5;27
527;15782,8290;57,8283;4,9009;73,0000;73;15;3;11
528;12347,1900;23,4719;7,8403;61,0000;61;7;8;44
529;12081,7344;20,8173;5,8500;60,0000;60;9;5;26
530;11695,4778;16,9548;7,6317;58,0000;58;6;4;42
531;12906,2598;29,0626;3,9031;63,0000;63;6;3;24
532;12156,9293;21,5693;4,0260;60,0000;60;8;3;21
533;12443,0579;24,4306;3,9404;61,0000;61;7;4;22
534;14578,3438;45,7834;4,0227;69,0000;69;9;4;17
535;13325,0173;33,2502;2,9701;64,0000;64;9;3;17
536;13732,6011;37,3260;4,9314;66,0000;66;13;4;16
537;12455,3886;24,5539;4,9924;61,0000;61;7;3;32
538;13466,2965;34,6630;5,8262;65,0000;65;9;5;24
539;13263,7383;32,6374;4,0724;64,0000;64;6;3;16
540;13817,3233;38,1732;5,9301;67,0000;67;8;5;24
541;15133,8002;51,3380;3,9404;71,0000;71;8;4;14
542;13403,7657;34,0377;3,9539;65,0000;65;6;4;16
543;14282,8413;42,8284;5,8786;68,0000;68;9;4;16
544;14845,7545;48,4575;2,0989;70,0000;70;10;2;8
545;13479,8312;34,7983;5,9965;65,0000;65;10;3;40
546;12502,8228;25,0282;5,8593;61,0000;61;7;4;51
547;12940,7252;29,4073;4,0260;63,0000;63;9;3;22
548;13199,0439;31,9904;6,7446;64,0000;64;8;5;25
549;16043,2235;60,4322;2,9701;74,0000;74;9;3;7
550;14410,1202;44,1012;7,7003;68,0000;68;8;6;20
551;14524,0967;45,2410;2,9701;69,0000;69;8;3;8
552;12105,3639;21,0536;3,9404;60,0000;60;6;4;16
553;14211,1414;42,1114;3,0619;68,0000;68;9;3;18
554;13023,0823;30,2308;4,9010;63,0000;63;9;5;11
555;13229,2901;32,2929;4,0552;64,0000;64;6;3;16
556;13139,1795;31,3918;3,9942;64,0000;64;7;4;24
557;13977,8221;39,7782;6,0090;67,0000;67;11;4;20
558;12696,3560;26,9636;2,9701;62,0000;62;6;3;16
559;15449,6799;54,4968;2,9701;72,0000;72;10;3;6
560;14526,6535;45,2665;2,0631;69,0000;69;9;2;12
561;12080,5193;20,8052;4,2732;60,0000;60;8;4;24
562;13635,1358;36,3514;6,0109;66,0000;66;14;6;28
563;11929,3462;19,2935;6,9420;59,0000;59;7;6;38
564;12829,2951;28,2930;5,0948;63,0000;63;8;5;22
565;13074,6337;30,7463;4,8713;64,0000;64;12;4;14
566;11640,5637;16,4056;6,8462;58,0000;58;7;4;43
567;11363,1833;13,6318;7,7958;57,0000;57;5;6;24
568;14431,1595;44,3116;3,0162;69,0000;69;9;3;8
569;13472,3871;34,7239;3,9260;65,0000;65;11;3;11
570;13747,5646;37,4756;4,0363;66,0000;66;8;4;16
571;12626,6185;26,2662;4,8824;62,0000;62;8;4;22
572;13697,8168;36,9782;4,9778;66,0000;66;7;4;18
573;12877,8551;28,7786;2,9990;63,0000;63;8;3;11
574;14000,9865;40,0099;4,0972;67,0000;67;8;4;24
575;12208,7981;22,0880;7,8562;60,0000;60;5;5;34
576;11597,0082;15,9701;7,8419;58,0000;58;6;6;17
577;14277,0349;42,7703;3,9404;68,0000;68;9;4;12
578;12177,3380;21,7734;9,5716;60,0000;60;8;9;47
579;13510,6068;35,1061;3,0541;65,0000;65;11;3;12
580;13722,8788;37,2288;3,9404;66,0000;66;9;4;16
581;13458,7797;34,5878;2,9701;65,0000;65;9;3;7
582;12582,3761;25,8238;4,0657;62,0000;62;6;4;22
583;14887,0896;48,8709;2,9831;70,0000;70;8;3;8
584;12623,6066;26,2361;2,9701;62,0000;62;7;3;10
585;12127,9954;21,2800;4,9010;60,0000;60;9;5;24
586;15119,5981;51,1960;2,9701;71,0000;71;12;3;10
587;12971,2703;29,7127;4,9010;63,0000;63;10;5;20
588;13544,1940;35,4419;4,9010;66,0000;66;11;5;11
589;15178,0236;51,7802;3,0231;71,0000;71;10;3;12
590;14816,2203;48,1622;2,9557;70,0000;70;14;2;17
591;16236,0602;62,3606;4,9010;74,0000;74;13;5;9
592;13078,0095;30,7801;3,9404;64,0000;64;8;4;20
593;13138,0346;31,3803;4,8798;64,0000;64;8;3;20
594;11718,1619;17,1816;7,8382;58,0000;58;8;6;28
595;10387,0870;3,8709;7,7333;52,0000;52;8;5;27
596;13731,6169;37,3162;4,9612;66,0000;66;11;4;14
597;13165,7165;31,6572;6,8658;64,0000;64;8;5;26
598;13195,8684;31,9587;4,9038;64,0000;64;7;4;15
599;13472,7432;34,7274;3,9404;65,0000;65;9;4;22
600;12167,3404;21,6734;5,9105;60,0000;60;9;5;19
601;15452,8657;54,5287;3,9404;72,0000;72;9;4;12
602;13204,9625;32,0496;4,9146;64,0000;64;7;3;22
603;14823,5947;48,2359;3,9404;70,0000;70;11;4;13
604;13691,8568;36,9186;2,9701;66,0000;66;9;3;10
605;12712,7700;27,1277;4,9671;62,0000;62;8;4;21
606;12828,5468;28,2855;3,9888;63,0000;63;6;4;12
607;13730,9398;37,3094;3,9149;66,0000;66;8;3;20
608;12393,4172;23,9342;4,9474;61,0000;61;7;4;17
609;10319,9697;3,1997;8,0304;52,0000;52;7;6;54
610;16438,7426;64,3874;3,9734;75,0000;75;11;4;22
611;12973,9153;29,7392;5,9939;63,0000;63;8;5;20
612;13382,5627;33,8256;4,9154;65,0000;65;7;3;24
613;13411,3661;34,1137;6,8281;65,0000;65;9;5;24
614;12191,1204;21,9112;4,9554;60,0000;60;11;4;22
615;15771,4116;57,7141;5,9073;73,0000;73;18;5;18
616;13449,7196;34,4972;7,6882;65,0000;65;11;5;24
617;12722,5544;27,2255;5,8366;62,0000;62;13;4;22
618;11872,8196;18,7282;4,9950;59,0000;59;6;5;44
619;14327,8560;43,2786;8,5945;68,0000;68;12;6;23
620;12223,6485;22,2365;5,0363;60,0000;60;6;3;44
621;12988,6926;29,8869;4,8789;63,0000;63;8;4;17
622;15355,6058;53,5561;4,9010;72,0000;72;16;5;32
623;12903,1765;29,0318;5,7905;63,0000;63;7;5;23
624;14787,1480;47,8715;2,9701;70,0000;70;7;3;8
625;11731,3010;17,3130;5,8371;58,0000;58;8;4;35
626;15876,6543;58,7665;3,0169;73,0000;73;11;2;11
627;13376,0287;33,7603;2,9914;65,0000;65;6;3;12
628;12172,6482;21,7265;9,5016;60,0000;60;8;7;52
629;14255,0711;42,5507;4,9714;68,0000;68;13;4;9
630;14643,0848;46,4308;3,0037;69,0000;69;9;3;15
631;13410,6167;34,1062;5,9747;65,0000;65;9;3;30
632;12556,8970;25,5690;8,6991;62,0000;62;13;5;26
633;10556,4450;5,5645;10,5041;53,0000;53;5;6;48
634;12381,7302;23,8173;3,0745;61,0000;61;6;3;14
635;14884,3583;48,8436;2,9701;70,0000;70;10;3;8
636;12180,8958;21,8090;11,3559;60,0000;60;7;6;34
637;14513,3849;45,1338;7,0660;69,0000;69;9;5;24
638;14279,2417;42,7924;2,9701;68,0000;68;10;3;14
639;12405,0622;24,0506;5,9338;61,0000;61;10;5;34
640;10544,4073;5,4441;6,8245;53,0000;53;7;5;52
641;15431,0336;54,3103;3,1012;72,0000;72;9;3;18
642;13417,5166;34,1752;3,9404;65,0000;65;11;4;13
643;12347,0185;23,4702;4,9501;61,0000;61;10;3;23
644;15383,5013;53,8350;3,0928;72,0000;72;13;3;12
645;16012,6905;60,1269;2,9701;74,0000;74;26;3;10
646;11178,3232;11,7832;7,8182;56,0000;56;7;5;26
647;13179,0354;31,7904;4,0428;64,0000;64;7;3;12
648;12134,8980;21,3490;6,0584;60,0000;60;7;5;40
649;13491,4593;34,9146;3,9404;65,0000;65;9;4;14
650;11653,4956;16,5350;4,9010;58,0000;58;9;5;18
651;13638,1642;36,3816;4,8384;66,0000;66;12;3;18
652;13963,6775;39,6368;3,9404;67,0000;67;9;4;10
653;13123,2995;31,2330;5,8508;64,0000;64;8;5;16
654;14782,5091;47,8251;4,9010;70,0000;70;8;5;13
655;13451,0360;34,5104;4,9868;65,0000;65;7;5;18
656;12986,3848;29,8638;6,0164;63,0000;63;5;5;26
657;16969,2883;69,6929;1,9900;77,0000;77;12;2;8
658;11641,9999;16,4200;5,9606;58,0000;58;5;6;30
659;10814,1688;8,1417;6,9715;54,0000;54;6;4;34
660;14771,1165;47,7112;4,9010;70,0000;70;16;5;12
661;11547,1642;15,4716;4,0698;58,0000;58;13;4;20
662;13922,9459;39,2295;3,9404;67,0000;67;8;4;16
663;14531,1049;45,3110;3,0389;69,0000;69;11;3;14
664;15126,5107;51,2651;5,8117;71,0000;71;16;4;20
665;12386,0514;23,8605;4,9366;61,0000;61;9;5;15
666;11289,1393;12,8914;5,9241;56,0000;56;6;5;24
667;13870,0483;38,7005;7,7512;67,0000;67;12;5;38
668;12107,7808;21,0778;9,6574;60,0000;60;9;9;38
669;14171,8252;41,7183;3,9404;68,0000;68;9;4;10
670;12936,9481;29,3695;7,6469;63,0000;63;9;4;19
671;13136,7069;31,3671;3,9966;64,0000;64;7;4;20
672;15338,7888;53,3879;2,9701;72,0000;72;11;3;10
673;13995,5786;39,9558;3,0329;67,0000;67;8;3;8
674;13378,0652;33,7807;4,0117;65,0000;65;8;4;15
675;13667,5350;36,6754;4,8461;66,0000;66;13;4;13
676;14292,3705;42,9237;3,0711;68,0000;68;9;2;8
677;12688,1577;26,8816;5,1145;62,0000;62;6;4;34
678;11146,6213;11,4662;8,8835;56,0000;56;6;5;44
679;14042,1567;40,4216;2,9701;67,0000;67;6;3;10
680;13744,9490;37,4495;4,9282;66,0000;66;8;5;19
681;14492,2206;44,9222;4,9010;69,0000;69;11;5;14
682;15253,1892;52,5319;2,9852;71,0000;71;10;3;8
683;12925,9384;29,2594;7,5614;63,0000;63;16;5;35
684;14775,0338;47,7503;4,9010;70,0000;70;9;5;12
685;12558,1132;25,5811;3,9404;62,0000;62;6;4;12
686;12670,2746;26,7027;7,7255;62,0000;62;8;8;19
687;16102,6908;61,0269;1,9900;74,0000;74;8;2;8
688;13455,6617;34,5566;5,9776;65,0000;65;9;6;32
689;11886,3337;18,8633;8,0031;59,0000;59;8;8;40
690;15711,6804;57,1168;3,0720;73,0000;73;12;2;8
691;14486,6164;44,8662;2,0712;69,0000;69;11;2;12
692;14552,4260;45,5243;4,8637;69,0000;69;10;4;14
693;12681,2732;26,8127;3,1973;62,0000;62;8;3;14
694;12836,9771;28,3698;2,9701;63,0000;63;5;3;12
695;12949,0620;29,4906;7,0300;63,0000;63;11;3;50
696;14006,9138;40,0691;3,9077;67,0000;67;9;3;16
697;15187,4452;51,8745;2,9701;71,0000;71;12;3;12
698;11023,4250;10,2343;6,8593;55,0000;55;7;4;52
699;14333,6635;43,3366;3,9404;68,0000;68;11;4;16
700;15735,8218;57,3582;2,0156;73,0000;73;10;2;10
701;11391,2579;13,9126;7,6819;57,0000;57;7;4;28
702;13111,8771;31,1188;4,8857;64,0000;64;7;4;20
703;12065,7976;20,6580;9,7164;60,0000;60;7;6;52
704;11951,3406;19,5134;4,9154;59,0000;59;11;5;30
705;13511,2315;35,1123;5,0031;65,0000;65;13;4;16
706;13685,6810;36,8568;3,9404;66,0000;66;5;4;10
707;14541,8047;45,4180;4,0030;69,0000;69;17;4;11
708;14318,1378;43,1814;4,9010;68,0000;68;13;5;30
709;14010,9655;40,1097;3,9974;67,0000;67;7;3;26
710;16401,6596;64,0166;3,9404;75,0000;75;11;4;11
711;13179,2172;31,7922;5,1017;64,0000;64;11;3;26
712;12486,9728;24,8697;5,9049;61,0000;61;8;4;24
713;15241,4922;52,4149;3,9404;71,0000;71;15;4;12
714;18192,0285;81,9203;3,0089;80,0000;80;14;3;11
715;12913,0083;29,1301;5,8739;63,0000;63;7;6;19
716;14832,4376;48,3244;4,9010;70,0000;70;12;5;15
717;13448,4972;34,4850;3,9812;65,0000;65;11;3;16
718;17445,1204;74,4512;2,9701;78,0000;78;10;3;8
719;13681,9131;36,8191;3,9491;66,0000;66;8;3;16
720;13574,2182;35,7422;6,6253;66,0000;66;11;5;13
721;12703,2995;27,0330;5,8956;62,0000;62;6;4;25
722;13107,9366;31,0794;5,0734;64,0000;64;7;5;18
723;15800,5550;58,0056;3,9404;73,0000;73;9;4;10
724;15207,7180;52,0772;4,0316;71,0000;71;8;3;12
725;15134,7554;51,3476;1,9948;71,0000;71;9;2;6
726;11890,8966;18,9090;6,0098;59,0000;59;6;3;34
727;14000,9448;40,0094;3,9404;67,0000;67;11;4;16
728;11948,5216;19,4852;6,8120;59,0000;59;7;6;48
729;14214,2143;42,1421;4,9010;68,0000;68;6;5;13
730;12543,7503;25,4375;4,9561;62,0000;62;5;5;22
731;13723,9167;37,2392;4,8667;66,0000;66;16;4;24
732;13394,7298;33,9473;3,9449;65,0000;65;8;4;10
733;12613,6248;26,1362;3,9434;62,0000;62;8;3;24
734;14011,9821;40,1198;3,9404;67,0000;67;10;4;8
735;17288,6076;72,8861;2,9953;77,0000;77;9;3;7
736;14183,0353;41,8304;5,0029;68,0000;68;14;5;24
737;14146,1675;41,4617;4,9434;67,0000;67;10;3;27
738;12144,6028;21,4460;6,8847;60,0000;60;8;4;30
739;13210,1126;32,1011;5,0801;64,0000;64;7;5;30
740;11222,4917;12,2249;5,8635;56,0000;56;7;6;23
741;13958,3085;39,5831;4,0034;67,0000;67;10;3;24
742;13263,3451;32,6335;4,0214;64,0000;64;11;4;15
743;11687,8159;16,8782;5,8520;58,0000;58;6;6;22
744;16517,2909;65,1729;2,9701;75,0000;75;8;3;6
745;14545,8739;45,4587;2,9701;69,0000;69;16;3;13
746;13720,7291;37,2073;7,0483;66,0000;66;9;4;23
747;13448,7141;34,4871;5,0597;65,0000;65;10;3;18
748;13678,1780;36,7818;3,1243;66,0000;66;8;3;14
749;14941,9053;49,4191;2,9706;70,0000;70;11;3;10
750;14829,3547;48,2935;4,0645;70,0000;70;11;3;14
751;12596,3302;25,9633;3,0750;62,0000;62;9;3;12
752;13948,1313;39,4813;4,8633;67,0000;67;11;3;13
753;13461,9823;34,6198;5,0100;65,0000;65;8;4;22
754;12411,7465;24,1175;3,0486;61,0000;61;6;3;12
755;13464,4750;34,6447;4,9405;65,0000;65;10;3;26
756;18679,0827;86,7908;1,9900;81,0000;81;12;2;4
757;12371,2945;23,7129;7,6962;61,0000;61;7;6;24
758;12908,5645;29,0856;7,6459;63,0000;63;12;3;34
759;14177,5828;41,7758;5,0004;68,0000;68;10;4;22
760;12201,6639;22,0166;8,6738;60,0000;60;9;6;33
761;13157,8061;31,5781;6,0880;64,0000;64;14;5;40
762;13361,7305;33,6173;4,0315;65,0000;65;11;4;18
763;13465,2372;34,6524;5,9210;65,0000;65;8;4;38
764;15912,3309;59,1233;3,9697;73,0000;73;16;4;9
765;13418,1407;34,1814;4,9010;65,0000;65;8;5;16
766;13708,1937;37,0819;5,9433;66,0000;66;16;4;28
767;13629,7241;36,2972;5,0045;66,0000;66;10;4;24
768;14665,0810;46,6508;3,0267;69,0000;69;13;3;11
769;13746,0637;37,4606;3,7900;66,0000;66;6;3;25
770;12648,5035;26,4850;5,0056;62,0000;62;7;3;40
771;11649,4557;16,4946;9,7608;58,0000;58;8;6;47
772;12884,3539;28,8435;4,8988;63,0000;63;6;4;11
773;14294,2842;42,9428;6,6235;68,0000;68;8;4;33
774;12302,7191;23,0272;5,0675;61,0000;61;5;3;26
775;13016,6415;30,1664;3,0650;63,0000;63;9;2;14
776;15782,2894;57,8229;2,9701;73,0000;73;10;3;6
777;13132,3994;31,3240;3,9746;64,0000;64;8;4;18
778;14054,9069;40,5491;2,9701;67,0000;67;9;3;14
779;12653,0288;26,5303;9,5898;62,0000;62;10;7;24
780;11469,8223;14,6982;6,8040;57,0000;57;6;4;50
781;12975,8114;29,7581;3,9572;63,0000;63;6;3;14
782;15181,9237;51,8192;4,9010;71,0000;71;13;5;12
783;15482,2053;54,8221;2,9701;72,0000;72;12;3;6
784;11531,7675;15,3177;5,7441;57,0000;57;8;5;18
785;15827,1279;58,2713;2,9701;73,0000;73;13;3;8
786;12607,1883;26,0719;7,8357;62,0000;62;12;6;46
787;13514,5176;35,1452;4,9490;65,0000;65;8;3;16
788;13717,6917;37,1769;3,9106;66,0000;66;6;3;14
789;12138,4112;21,3841;4,8761;60,0000;60;8;4;30
790;11921,7564;19,2176;5,7929;59,0000;59;5;4;28
791;11966,0304;19,6603;4,9101;59,0000;59;8;4;18
792;13718,1365;37,1814;3,0218;66,0000;66;11;3;13
793;14535,2171;45,3522;5,1805;69,0000;69;7;5;26
794;11225,4791;12,2548;7,8253;56,0000;56;6;3;44
795;12685,1210;26,8512;4,0313;62,0000;62;6;3;15
796;12689,4073;26,8941;5,9170;62,0000;62;5;5;33
797;11170,7624;11,7076;5,9369;56,0000;56;11;5;24
798;12446,1101;24,4611;4,9864;61,0000;61;11;5;28
799;12733,4496;27,3345;6,7463;62,0000;62;10;6;31
800;11395,0257;13,9503;4,9010;57,0000;57;8;5;24
801;15336,7474;53,3675;2,9701;72,0000;72;11;3;8
802;12355,3017;23,5530;4,9010;61,0000;61;8;5;16
803;16285,0193;62,8502;2,9701;75,0000;75;9;3;6
804;14215,4884;42,1549;3,0251;68,0000;68;6;3;10
805;14485,4655;44,8547;2,0424;69,0000;69;7;2;8
806;12694,0921;26,9409;4,9010;62,0000;62;7;5;16
807;15478,2712;54,7827;3,9846;72,0000;72;11;3;16
808;10813,6754;8,1368;5,8154;54,0000;54;7;4;28
809;13972,1584;39,7216;3,9907;67,0000;67;9;4;12
810;14927,0772;49,2708;4,8701;70,0000;70;13;4;16
811;12874,6982;28,7470;4,2492;63,0000;63;8;3;23
812;12396,9298;23,9693;5,0301;61,0000;61;9;4;46
813;14464,4876;44,6449;5,8845;69,0000;69;11;6;20
814;13423,9330;34,2393;4,1635;65,0000;65;7;4;18
815;14043,2756;40,4328;4,8302;67,0000;67;8;3;21
816;13983,9132;39,8391;4,9713;67,0000;67;14;5;17
817;13530,2784;35,3028;4,9420;65,0000;65;6;4;13
818;13445,6675;34,4567;5,8520;65,0000;65;9;6;24
819;14217,0108;42,1701;3,9404;68,0000;68;6;4;10
820;12937,3523;29,3735;5,1251;63,0000;63;14;4;32
821;12222,2165;22,2222;4,0402;60,0000;60;11;4;30
822;15110,0523;51,1005;2,9701;71,0000;71;6;3;8
823;13386,8397;33,8684;3,9553;65,0000;65;9;4;14
824;14893,3072;48,9331;3,0218;70,0000;70;10;3;16
825;12629,4004;26,2940;5,9362;62,0000;62;12;4;21
826;13226,3096;32,2631;4,0180;64,0000;64;8;4;17
827;12665,7545;26,6575;3,9812;62,0000;62;7;3;36
828;12844,8401;28,4484;3,9404;63,0000;63;6;4;24
829;13078,1197;30,7812;3,9404;64,0000;64;8;4;14
830;15118,0988;51,1810;2,9701;71,0000;71;8;3;8
831;11654,3384;16,5434;5,0203;58,0000;58;11;3;38
832;13470,7617;34,7076;6,8518;65,0000;65;6;6;28
833;13068,3697;30,6837;3,9404;64,0000;64;7;4;8
834;15724,1777;57,2418;3,0988;73,0000;73;11;3;16
835;13145,4316;31,4543;4,1446;64,0000;64;8;4;20
836;14569,6452;45,6965;5,9611;69,0000;69;17;5;17
837;11957,4024;19,5740;4,9248;59,0000;59;13;5;16
838;13754,8559;37,5486;3,9404;66,0000;66;8;4;32
839;11898,6230;18,9862;6,8418;59,0000;59;5;4;35
840;13682,2005;36,8220;3,0843;66,0000;66;10;3;18
841;12400,8738;24,0087;4,9911;61,0000;61;7;4;20
842;11398,0036;13,9800;7,8390;57,0000;57;9;6;36
843;11655,7622;16,5576;4,8619;58,0000;58;8;4;18
844;13389,9292;33,8993;4,9652;65,0000;65;11;4;17
845;12918,3520;29,1835;2,1226;63,0000;63;4;2;12
846;12945,5406;29,4554;4,0092;63,0000;63;9;4;18
847;12619,5635;26,1956;2,9828;62,0000;62;6;3;8
848;14570,6182;45,7062;6,7153;69,0000;69;9;5;26
849;14791,6740;47,9167;4,0300;70,0000;70;13;4;12
850;14570,2583;45,7026;2,9871;69,0000;69;13;3;8
851;12142,6368;21,4264;5,0577;60,0000;60;6;3;48
852;14582,8376;45,8284;5,9359;69,0000;69;12;4;12
853;13526,2389;35,2624;7,7397;65,0000;65;14;4;38
854;12830,7959;28,3080;4,9478;63,0000;63;6;3;23
855;11741,9377;17,4194;6,8788;58,0000;58;10;6;48
856;13173,3915;31,7339;4,0028;64,0000;64;7;3;22
857;11903,2257;19,0323;8,9096;59,0000;59;8;8;42
858;15154,8023;51,5480;5,8489;71,0000;71;17;5;32
859;13260,3525;32,6035;6,8116;64,0000;64;9;5;19
860;13108,8692;31,0887;3,0503;64,0000;64;6;3;14
861;12377,2074;23,7721;5,8520;61,0000;61;7;6;38
862;15093,5356;50,9354;3,0394;71,0000;71;11;3;16
863;11252,6227;12,5262;12,3502;56,0000;56;8;5;52
864;13166,2431;31,6624;3,9404;64,0000;64;6;4;12
865;13942,1566;39,4216;3,1246;67,0000;67;11;2;22
866;13720,2401;37,2024;7,7247;66,0000;66;8;5;40
867;11852,9368;18,5294;4,9448;59,0000;59;9;4;28
868;11300,9145;13,0091;4,7266;56,0000;56;5;4;30
869;12652,3515;26,5235;4,9010;62,0000;62;7;5;15
870;11450,5181;14,5052;4,0555;57,0000;57;7;3;20
871;13708,9619;37,0896;4,9919;66,0000;66;8;4;14
872;13714,1080;37,1411;6,7935;66,0000;66;9;7;21
873;13744,5943;37,4459;6,8145;66,0000;66;11;5;24
874;13622,0562;36,2206;4,9643;66,0000;66;9;5;16
875;12444,6540;24,4465;8,6724;61,0000;61;15;7;34
876;13958,6034;39,5860;3,9404;67,0000;67;8;4;12
877;12393,0342;23,9303;7,7255;61,0000;61;9;8;14
878;13192,9544;31,9295;3,9999;64,0000;64;6;3;10
879;14589,9680;45,8997;3,0664;69,0000;69;9;3;10
880;15220,1116;52,2011;3,1180;72,0000;72;11;3;8
881;13606,9882;36,0699;3,0496;66,0000;66;8;3;18
882;14573,6792;45,7368;3,9590;69,0000;69;13;3;12
883;15371,4050;53,7140;2,0975;71,0000;71;10;2;12
884;13500,1151;35,0012;3,0917;65,0000;65;6;3;13
885;12359,9672;23,5997;6,9361;61,0000;61;9;5;52
886;14039,8158;40,3982;3,0226;67,0000;67;9;3;13
887;13362,8890;33,6289;5,0052;65,0000;65;7;4;22
888;14857,4323;48,5743;3,9404;70,0000;70;7;4;10
889;13201,9422;32,0194;6,7735;64,0000;64;7;6;52
890;11539,2984;15,3930;3,9600;57,0000;57;5;4;16
891;12624,0480;26,2405;6,9329;62,0000;62;9;4;17
892;13368,2547;33,6825;6,8604;65,0000;65;7;6;17
893;13709,4832;37,0948;3,0425;66,0000;66;8;3;14
894;12695,4447;26,9544;6,8529;62,0000;62;15;4;32
895;13689,2464;36,8925;4,8882;66,0000;66;7;3;28
896;11325,7316;13,2573;4,8413;56,0000;56;5;4;29
897;14564,1051;45,6411;6,0081;69,0000;69;12;6;18
898;13413,4325;34,1343;5,6758;65,0000;65;11;4;23
899;11584,8047;15,8480;4,0025;58,0000;58;6;4;28
900;14752,7379;47,5274;4,9818;70,0000;70;18;5;28
901;12931,3334;29,3133;4,9010;63,0000;63;7;5;28
902;14515,9134;45,1591;4,0118;69,0000;69;14;3;21
903;12638,3174;26,3832;5,8772;62,0000;62;6;4;26
904;13505,7936;35,0579;5,1085;65,0000;65;9;3;30
905;14669,0484;46,6905;7,5666;69,0000;69;10;4;31
906;14568,1242;45,6812;3,9620;69,0000;69;11;3;16
907;12868,5218;28,6852;4,8811;63,0000;63;10;4;16
908;14550,7457;45,5075;2,9701;69,0000;69;9;3;11
909;13731,6795;37,3168;4,8670;66,0000;66;7;3;24
910;13938,4020;39,3840;3,9404;67,0000;67;11;4;10
911;11177,6128;11,7761;6,0625;56,0000;56;6;5;42
912;14237,2473;42,3725;5,8538;68,0000;68;6;4;16
913;13233,3696;32,3337;8,7092;64,0000;64;11;7;29
914;14229,8173;42,2982;5,7776;68,0000;68;9;5;15
915;11704,9823;17,0498;6,8203;58,0000;58;12;6;28
916;12404,4853;24,0449;4,1291;61,0000;61;8;4;24
917;13420,2760;34,2028;6,7824;65,0000;65;10;5;28
918;14813,2753;48,1328;3,0757;70,0000;70;14;3;8
919;11998,6741;19,9867;4,8904;59,0000;59;7;4;24
920;12907,5726;29,0757;4,0250;63,0000;63;6;3;20
921;13756,0344;37,5603;4,9240;66,0000;66;7;4;14
922;14931,6632;49,3166;5,8639;70,0000;70;12;4;24
923;14218,5866;42,1859;3,9116;68,0000;68;11;3;21
924;12944,9156;29,4492;4,0115;63,0000;63;11;3;16
925;10531,8003;5,3180;8,0744;53,0000;53;4;4;39
926;13374,0000;33,7400;6,7935;65,0000;65;11;7;20
927;11924,0689;19,2407;3,2356;59,0000;59;7;3;16
928;12087,9542;20,8795;4,9604;60,0000;60;7;5;28
929;12858,6778;28,5868;4,9531;63,0000;63;10;5;22
930;13091,2375;30,9124;3,1394;64,0000;64;7;3;12
931;12364,2357;23,6424;4,9690;61,0000;61;7;4;22
932;13143,3133;31,4331;5,9273;64,0000;64;8;4;24
933;14919,2212;49,1922;2,9701;70,0000;70;10;3;6
934;11869,8222;18,6982;6,9673;59,0000;59;7;6;24
935;14776,0038;47,7600;2,9701;70,0000;70;8;3;8
936;13170,1430;31,7014;4,8974;64,0000;64;8;4;18
937;14157,8589;41,5786;4,9469;68,0000;68;17;5;16
938;15112,6208;51,1262;3,0414;71,0000;71;9;3;8
939;13205,1329;32,0513;3,9343;64,0000;64;8;3;14
940;15717,9209;57,1792;3,0134;73,0000;73;12;3;11
941;13123,0588;31,2306;3,9404;64,0000;64;10;4;24
942;13750,4494;37,5045;3,9175;66,0000;66;7;3;17
943;14214,0485;42,1405;3,1874;68,0000;68;10;3;18
944;11932,1002;19,3210;10,4258;59,0000;59;12;7;62
945;13424,7662;34,2477;4,9732;65,0000;65;11;3;24
946;13402,6710;34,0267;4,9110;65,0000;65;9;5;20
947;15217,9391;52,1794;2,0741;71,0000;71;9;2;10
948;15151,6371;51,5164;2,9701;71,0000;71;12;3;8
949;12668,5912;26,6859;3,0963;62,0000;62;7;3;16
950;11903,8906;19,0389;6,7370;59,0000;59;6;5;24
951;12181,7837;21,8178;6,8953;60,0000;60;11;6;33
952;14850,9702;48,5097;3,9442;70,0000;70;9;4;14
953;13403,0563;34,0306;5,8880;65,0000;65;10;5;26
954;13166,9115;31,6691;4,9193;64,0000;64;7;4;19
955;12394,3413;23,9434;5,9441;61,0000;61;10;4;16
956;13921,0265;39,2103;6,8768;67,0000;67;12;6;28
957;13658,8185;36,5882;6,0727;66,0000;66;12;4;36
958;15465,8252;54,6583;2,9701;72,0000;72;12;3;8
959;12128,8091;21,2881;4,9299;60,0000;60;7;4;30
960;13139,1340;31,3913;4,9939;64,0000;64;9;4;18
961;14467,9122;44,6791;2,9701;68,0000;68;11;3;13
962;14811,5809;48,1158;2,9701;70,0000;70;10;3;10
963;13838,6092;38,3861;3,9064;66,0000;66;8;3;16
964;13151,1277;31,5113;3,9744;64,0000;64;11;3;13
965;10177,4003;1,7740;8,1303;51,0000;51;4;5;60
966;15225,5764;52,2558;2,0661;71,0000;71;7;2;11
967;16454,5125;64,5451;2,9701;75,0000;75;9;3;11
968;14011,1097;40,1111;2,9927;67,0000;67;12;3;18
969;14234,1010;42,3410;2,9969;68,0000;68;7;3;10
970;14027,8944;40,2789;4,1050;67,0000;67;12;3;18
971;13743,8440;37,4384;3,9919;66,0000;66;6;4;14
972;12929,0839;29,2908;4,9010;63,0000;63;6;5;20
973;12639,1835;26,3918;3,9450;62,0000;62;7;4;14
974;13425,3192;34,2532;3,9404;65,0000;65;6;4;12
975;14243,8559;42,4386;3,0759;68,0000;68;15;3;16
976;15017,2746;50,1727;3,0006;71,0000;71;10;3;14
977;13399,6562;33,9966;4,9229;65,0000;65;14;4;13
978;14234,3935;42,3439;4,8749;68,0000;68;12;4;19
979;12709,9722;27,0997;7,7255;62,0000;62;12;8;21
980;13784,1732;37,8417;2,9893;66,0000;66;9;3;12
981;13663,4822;36,6348;7,9120;66,0000;66;9;6;14
982;12051,2538;20,5125;9,7464;60,0000;60;9;6;48
983;12466,7351;24,6674;6,7248;61,0000;61;8;6;20
984;15161,4584;51,6146;4,9010;71,0000;71;8;5;15
985;12135,4073;21,3541;4,0057;60,0000;60;7;4;28
986;13046,9118;30,4691;3,9583;64,0000;64;9;4;12
987;12964,6589;29,6466;6,7935;63,0000;63;6;7;25
988;12338,9695;23,3897;7,7541;61,0000;61;9;6;28
989;13144,6354;31,4464;5,8692;64,0000;64;9;5;30
990;12394,5436;23,9454;4,1048;61,0000;61;11;3;19
991;13217,5989;32,1760;7,6365;64,0000;64;5;5;28
992;16053,1513;60,5315;2,1423;74,0000;74;9;2;12
993;11975,2846;19,7528;6,8051;59,0000;59;6;5;32
994;14448,6567;44,4866;3,9283;69,0000;69;10;3;12
995;11944,7797;19,4478;3,9992;59,0000;59;6;4;22
996;14973,2811;49,7328;2,9855;70,0000;70;10;3;8
997;14776,1274;47,7613;3,9580;70,0000;70;8;4;10
998;14566,1957;45,6620;4,9010;69,0000;69;9;5;10
999;11431,9139;14,3191;7,8103;57,0000;57;7;6;39
1000;14749,8425;47,4984;4,0542;70,0000;70;11;3;12
